,train_end,test_date,train_size
0,2014-01-29,2014-02-26,36
1,2014-02-26,2014-03-27,37
2,2014-03-27,2014-04-28,38
3,2014-04-28,2014-05-28,39
4,2014-05-28,2014-06-26,40
5,2014-06-26,2014-07-29,41
6,2014-07-29,2014-08-27,42
7,2014-08-27,2014-09-26,43
8,2014-09-26,2014-10-29,44
9,2014-10-29,2014-11-26,45
10,2014-11-26,2014-12-29,46
11,2014-12-29,2015-01-28,47
12,2015-01-28,2015-02-25,48
13,2015-02-25,2015-03-27,49
14,2015-03-27,2015-04-28,50
15,2015-04-28,2015-05-27,51
16,2015-05-27,2015-06-26,52
17,2015-06-26,2015-07-29,53
18,2015-07-29,2015-08-27,54
19,2015-08-27,2015-09-28,55
20,2015-09-28,2015-10-28,56
21,2015-10-28,2015-12-29,57
22,2015-12-29,2016-01-27,58
23,2016-01-27,2016-02-25,59
24,2016-02-25,2016-03-29,60
25,2016-03-29,2016-04-27,61
26,2016-04-27,2016-05-27,62
27,2016-05-27,2016-06-28,63
28,2016-06-28,2016-07-27,64
29,2016-07-27,2016-08-29,65
30,2016-08-29,2016-09-28,66
31,2016-09-28,2016-10-27,67
32,2016-10-27,2016-11-28,68
33,2016-11-28,2016-12-28,69
34,2016-12-28,2017-01-27,70
35,2017-01-27,2017-02-24,71
36,2017-02-24,2017-03-29,72
37,2017-03-29,2017-04-26,73
38,2017-04-26,2017-06-28,74
39,2017-06-28,2017-07-27,75
40,2017-07-27,2017-08-29,76
41,2017-08-29,2017-09-27,77
42,2017-09-27,2017-10-27,78
43,2017-10-27,2017-11-28,79
44,2017-11-28,2017-12-27,80
45,2017-12-27,2018-01-29,81
46,2018-01-29,2018-02-26,82
47,2018-02-26,2018-03-28,83
48,2018-03-28,2018-04-26,84
49,2018-04-26,2018-05-29,85
50,2018-05-29,2018-06-27,86
51,2018-06-27,2018-07-27,87
52,2018-07-27,2018-08-29,88
53,2018-08-29,2018-09-26,89
54,2018-09-26,2018-10-29,90
55,2018-10-29,2018-11-28,91
56,2018-11-28,2018-12-27,92
57,2018-12-27,2019-01-29,93
58,2019-01-29,2019-02-26,94
59,2019-02-26,2019-03-27,95
60,2019-03-27,2019-04-26,96
61,2019-04-26,2019-05-29,97
62,2019-05-29,2019-06-26,98
63,2019-06-26,2019-07-29,99
64,2019-07-29,2019-08-28,100
65,2019-08-28,2019-09-26,101
66,2019-09-26,2019-10-29,102
67,2019-10-29,2019-11-27,103
68,2019-11-27,2019-12-27,104
69,2019-12-27,2020-01-29,105
70,2020-01-29,2020-02-26,106
71,2020-02-26,2020-03-27,107
72,2020-03-27,2020-04-28,108
73,2020-04-28,2020-05-27,109
74,2020-05-27,2020-06-26,110
75,2020-06-26,2020-07-29,111
76,2020-07-29,2020-08-27,112
77,2020-08-27,2020-09-28,113
78,2020-09-28,2020-10-28,114
79,2020-10-28,2020-12-29,115
80,2020-12-29,2021-01-27,116
81,2021-01-27,2021-02-24,117
82,2021-02-24,2021-03-29,118
83,2021-03-29,2021-04-28,119
84,2021-04-28,2021-05-27,120
85,2021-05-27,2021-06-28,121
86,2021-06-28,2021-07-28,122
87,2021-07-28,2021-08-27,123
88,2021-08-27,2021-09-28,124
89,2021-09-28,2021-10-27,125
90,2021-10-27,2021-11-26,126
91,2021-11-26,2021-12-29,127
92,2021-12-29,2022-01-27,128
93,2022-01-27,2022-02-24,129
94,2022-02-24,2022-03-29,130
95,2022-03-29,2022-04-27,131
96,2022-04-27,2022-05-27,132
97,2022-05-27,2022-06-28,133
98,2022-06-28,2022-07-27,134
99,2022-07-27,2022-08-29,135
100,2022-08-29,2022-09-28,136
101,2022-09-28,2022-10-27,137
102,2022-10-27,2022-11-28,138
103,2022-11-28,2022-12-28,139
104,2022-12-28,2023-01-27,140
105,2023-01-27,2023-02-24,141
106,2023-02-24,2023-03-29,142
107,2023-03-29,2023-04-26,143
108,2023-04-26,2023-06-28,144
109,2023-06-28,2023-07-27,145
110,2023-07-27,2023-08-29,146
111,2023-08-29,2023-09-27,147
112,2023-09-27,2023-10-27,148
113,2023-10-27,2023-11-28,149
114,2023-11-28,2023-12-27,150
115,2023-12-27,2024-01-29,151
116,2024-01-29,2024-02-27,152
117,2024-02-27,2024-03-27,153
118,2024-03-27,2024-04-26,154
119,2024-04-26,2024-05-29,155
120,2024-05-29,2024-06-26,156
121,2024-06-26,2024-07-29,157
122,2024-07-29,2024-08-28,158
123,2024-08-28,2024-09-26,159
124,2024-09-26,2024-10-29,160
125,2024-10-29,2024-11-27,161
126,2024-11-27,2024-12-27,162
127,2024-12-27,2025-01-29,163
128,2025-01-29,2025-02-26,164
129,2025-02-26,2025-03-27,165
130,2025-03-27,2025-04-28,166
131,2025-04-28,2025-05-28,167
132,2025-05-28,2025-06-26,168
